{"cameraMode":{"drawMode":0,"name":"Shaded","section":"Shading Mode"},"sceneLighting":false,"audioPlay":false,"sceneViewState":{"showFog":true,"showMaterialUpdate":false,"showSkybox":false,"showFlares":true,"showImageEffects":true,"showParticleSystems":true},"in2DMode":false,"pivot":{"x":5.906914710998535,"y":5.673247337341309,"z":-2.52034330368042},"rotation":{"x":0.161962628364563,"y":-0.2813723087310791,"z":0.048244114965200427,"w":0.9446052312850952},"size":2.997680187225342,"orthographic":false}