{"cameraMode":{"drawMode":0,"name":"Shaded","section":"Shading Mode"},"sceneLighting":false,"audioPlay":false,"sceneViewState":{"showFog":true,"showMaterialUpdate":false,"showSkybox":false,"showFlares":true,"showImageEffects":true,"showParticleSystems":true},"in2DMode":false,"pivot":{"x":2.1441268920898439,"y":2.015322208404541,"z":6.7608842849731449},"rotation":{"x":0.12328505516052246,"y":-0.20389260351657868,"z":0.025890948250889779,"w":0.9708598852157593},"size":16.924907684326173,"orthographic":false}