{"cameraMode":{"drawMode":0,"name":"Shaded","section":"Shading Mode"},"sceneLighting":false,"audioPlay":false,"sceneViewState":{"showFog":true,"showMaterialUpdate":false,"showSkybox":false,"showFlares":true,"showImageEffects":true,"showParticleSystems":true},"in2DMode":false,"pivot":{"x":-9.333734512329102,"y":5.616881370544434,"z":-0.24880585074424745},"rotation":{"x":0.18224212527275086,"y":0.27180764079093935,"z":-0.052502233535051349,"w":0.9434784650802612},"size":6.466436386108398,"orthographic":false}